,季度,稅後淨利率,總資產週轉,ROE,財務槓桿
0,20211,21.0,0.12,4.07,1.6150793650793653
1,20212,23.31,0.12,4.84,1.7303017303017305
2,20213,31.04,0.13,6.97,1.7272997620935766
3,20214,27.08,0.13,5.94,1.6873082604249519
